Number	Ratio.of.Novel.Significant
904	0.632167832167832
775	0.541958041958042
508	0.355244755244755
37	0.0258741258741259
632	0.441958041958042
1430	1
